Stad;Koordinatar_WGS84
Frederiksværk;55.97353542313681, 12.013527641473273
København;55.6761, 12.5683
