Stad;Koordinatar_WGS84
Oslo;59.913889, 10.752222
Tromsø;69.652741, 18.952627
